-- phpMyAdmin SQL Dump
-- version 5.2.0
-- https://www.phpmyadmin.net/
--
-- Host: 127.0.0.1
-- Generation Time: May 11, 2023 at 05:10 AM
-- Server version: 10.4.27-MariaDB
-- PHP Version: 8.0.25

SET SQL_MODE = "NO_AUTO_VALUE_ON_ZERO";
START TRANSACTION;
SET time_zone = "+00:00";


/*!40101 SET @OLD_CHARACTER_SET_CLIENT=@@CHARACTER_SET_CLIENT */;
/*!40101 SET @OLD_CHARACTER_SET_RESULTS=@@CHARACTER_SET_RESULTS */;
/*!40101 SET @OLD_COLLATION_CONNECTION=@@COLLATION_CONNECTION */;
/*!40101 SET NAMES utf8mb4 */;

--
-- Database: `elearning`
--

-- --------------------------------------------------------

--
-- Table structure for table `academic_year`
--

CREATE TABLE `academic_year` (
  `id` int(30) NOT NULL,
  `sy` varchar(150) NOT NULL,
  `status` tinyint(5) NOT NULL DEFAULT 0
) ENGINE=InnoDB DEFAULT CHARSET=utf8mb4 COLLATE=utf8mb4_general_ci;

--
-- Dumping data for table `academic_year`
--

INSERT INTO `academic_year` (`id`, `sy`, `status`) VALUES
(1, '2022-2023', 1);

-- --------------------------------------------------------

--
-- Table structure for table `assignm`
--

CREATE TABLE `assignm` (
  `id` int(11) NOT NULL,
  `academic_year_id` varchar(255) NOT NULL,
  `subject_id` varchar(255) NOT NULL,
  `faculty_id` varchar(255) NOT NULL,
  `title` varchar(255) NOT NULL,
  `types` varchar(255) NOT NULL,
  `link` varchar(255) NOT NULL
) ENGINE=InnoDB DEFAULT CHARSET=utf8mb4 COLLATE=utf8mb4_general_ci;

--
-- Dumping data for table `assignm`
--

INSERT INTO `assignm` (`id`, `academic_year_id`, `subject_id`, `faculty_id`, `title`, `types`, `link`) VALUES
(1, '', '', '', '', '', 'Water-Level-Sensor-for-Arduino-5.jpg'),
(2, '5', '4', '12345', 'Electric assignment', 'Assignment', '2.JPG'),
(3, '6', '2', '12345', 'Web Development', 'Assignment', 'web.png'),
(4, '9', '3', '12345', 'Civil Question Paper', 'Paper', 'WhatsApp Image 2023-04-28 at 21.11.51.jpeg');

-- --------------------------------------------------------

--
-- Table structure for table `class`
--

CREATE TABLE `class` (
  `id` int(30) NOT NULL,
  `department_id` int(30) NOT NULL,
  `course_id` int(30) NOT NULL,
  `level` varchar(50) NOT NULL,
  `section` varchar(50) NOT NULL
) ENGINE=InnoDB DEFAULT CHARSET=utf8mb4 COLLATE=utf8mb4_general_ci;

--
-- Dumping data for table `class`
--

INSERT INTO `class` (`id`, `department_id`, `course_id`, `level`, `section`) VALUES
(3, 2, 2, '-', '-'),
(4, 4, 4, '-', '-'),
(5, 5, 6, '', '');

-- --------------------------------------------------------

--
-- Table structure for table `class_subjects`
--

CREATE TABLE `class_subjects` (
  `academic_year_id` int(30) NOT NULL,
  `class_id` int(30) NOT NULL,
  `subject_id` int(30) NOT NULL
) ENGINE=InnoDB DEFAULT CHARSET=utf8mb4 COLLATE=utf8mb4_general_ci;

--
-- Dumping data for table `class_subjects`
--

INSERT INTO `class_subjects` (`academic_year_id`, `class_id`, `subject_id`) VALUES
(1, 1, 1),
(1, 1, 2),
(1, 2, 1),
(1, 2, 2),
(1, 3, 3),
(1, 4, 3),
(1, 5, 3);

-- --------------------------------------------------------

--
-- Table structure for table `class_subjects_faculty`
--

CREATE TABLE `class_subjects_faculty` (
  `academic_year_id` int(30) NOT NULL,
  `faculty_id` varchar(50) NOT NULL,
  `class_id` int(30) NOT NULL,
  `subject_id` int(30) NOT NULL
) ENGINE=InnoDB DEFAULT CHARSET=utf8mb4 COLLATE=utf8mb4_general_ci;

--
-- Dumping data for table `class_subjects_faculty`
--

INSERT INTO `class_subjects_faculty` (`academic_year_id`, `faculty_id`, `class_id`, `subject_id`) VALUES
(1, '12345', 3, 3),
(1, '12345', 4, 3);

-- --------------------------------------------------------

--
-- Table structure for table `course`
--

CREATE TABLE `course` (
  `id` int(30) NOT NULL,
  `course` varchar(250) NOT NULL,
  `description` text DEFAULT NULL
) ENGINE=InnoDB DEFAULT CHARSET=utf8mb4 COLLATE=utf8mb4_general_ci;

--
-- Dumping data for table `course`
--

INSERT INTO `course` (`id`, `course`, `description`) VALUES
(2, 'Sem I', 'Semester I'),
(3, 'Sem II', ''),
(4, 'Sem III', ''),
(5, 'Sem IV', ''),
(6, 'Sem V', ''),
(7, 'Sem VI', ''),
(8, 'Sem VII', ''),
(9, 'Sem VIII', '');

-- --------------------------------------------------------

--
-- Table structure for table `department`
--

CREATE TABLE `department` (
  `id` int(30) NOT NULL,
  `department` varchar(250) NOT NULL,
  `description` text DEFAULT NULL
) ENGINE=InnoDB DEFAULT CHARSET=utf8mb4 COLLATE=utf8mb4_general_ci;

--
-- Dumping data for table `department`
--

INSERT INTO `department` (`id`, `department`, `description`) VALUES
(2, 'Computer Engineering', 'Computer Engineering'),
(3, 'Civil Engineering', ''),
(4, 'Electrical Engineering', ''),
(5, 'Electronic Engineering', ''),
(6, 'Mechanical Engineering', '');

-- --------------------------------------------------------

--
-- Table structure for table `faculty`
--

CREATE TABLE `faculty` (
  `id` int(30) NOT NULL,
  `faculty_id` varchar(50) NOT NULL,
  `department_id` int(30) NOT NULL,
  `firstname` varchar(150) NOT NULL,
  `middlename` varchar(150) NOT NULL,
  `lastname` varchar(150) NOT NULL,
  `email` varchar(250) NOT NULL,
  `contact` varchar(150) NOT NULL,
  `gender` varchar(20) NOT NULL,
  `address` text DEFAULT NULL,
  `password` text DEFAULT NULL,
  `dob` int(11) NOT NULL,
  `avatar` text DEFAULT NULL
) ENGINE=InnoDB DEFAULT CHARSET=utf8mb4 COLLATE=utf8mb4_general_ci;

--
-- Dumping data for table `faculty`
--

INSERT INTO `faculty` (`id`, `faculty_id`, `department_id`, `firstname`, `middlename`, `lastname`, `email`, `contact`, `gender`, `address`, `password`, `dob`, `avatar`) VALUES
(1, '12345', 2, 'Namit', 'S', 'Vinode', 'namitsvinode@gmail.com', '+919876543210', 'Male', 'Sample Address', 'e10adc3949ba59abbe56e057f20f883e', 1988, NULL);

-- --------------------------------------------------------

--
-- Table structure for table `lessons`
--

CREATE TABLE `lessons` (
  `id` int(30) NOT NULL,
  `academic_year_id` int(30) NOT NULL,
  `subject_id` int(30) NOT NULL,
  `class_id` varchar(255) NOT NULL,
  `faculty_id` varchar(50) NOT NULL,
  `title` varchar(250) NOT NULL,
  `description` text DEFAULT NULL,
  `ppt_path` text DEFAULT NULL,
  `types` varchar(255) NOT NULL,
  `links` varchar(255) NOT NULL,
  `images` varchar(255) NOT NULL
) ENGINE=InnoDB DEFAULT CHARSET=utf8mb4 COLLATE=utf8mb4_general_ci;

--
-- Dumping data for table `lessons`
--

INSERT INTO `lessons` (`id`, `academic_year_id`, `subject_id`, `class_id`, `faculty_id`, `title`, `description`, `ppt_path`, `types`, `links`, `images`) VALUES
(1, 1, 3, '', '12345', 'Aptitude Development Test', '&lt;h2 style=&quot;margin-right: 0px; margin-bottom: 15px; margin-left: 0px; padding: 0px; text-align: justify; color: rgb(0, 0, 0); font-family: &quot; open=&quot;&quot; sans&quot;,=&quot;&quot; arial,=&quot;&quot; sans-serif;&quot;=&quot;&quot;&gt;&lt;b&gt;Sample Heading 1&lt;/b&gt;&lt;/h2&gt;&lt;h2 style=&quot;margin-right: 0px; margin-bottom: 15px; margin-left: 0px; padding: 0px; text-align: justify; color: rgb(0, 0, 0); font-family: &quot; open=&quot;&quot; sans&quot;,=&quot;&quot; arial,=&quot;&quot; sans-serif;&quot;=&quot;&quot;&gt;&lt;p style=&quot;margin-right: 0px; margin-bottom: 15px; margin-left: 0px; padding: 0px; font-size: 14px;&quot;&gt;Lorem ipsum dolor sit amet, consectetur adipiscing elit. Sed enim ipsum, rutrum eu erat sed, lacinia hendrerit sapien. Ut viverra dapibus velit nec pellentesque. Morbi ac gravida tortor. Curabitur scelerisque nisl metus. Fusce diam dui, feugiat vel congue a, convallis pulvinar dui. Donec ut felis vel dolor vehicula tincidunt vitae id nibh. Mauris mollis leo pulvinar vehicula sagittis. Sed bibendum arcu at eros imperdiet pellentesque non non orci. Etiam accumsan pulvinar egestas. Orci varius natoque penatibus et magnis dis parturient montes, nascetur ridiculus mus. Curabitur nec odio nec quam ultrices facilisis. Nam tempor a neque dapibus lacinia. Etiam porttitor at urna sed pellentesque. Phasellus rhoncus mi at lobortis semper. Vivamus tempus urna nec sagittis vehicula. Nam sagittis velit nec quam molestie volutpat quis et ex.&lt;/p&gt;&lt;/h2&gt;&lt;h2&gt;&lt;b&gt;Sample Heading 2&lt;/b&gt;&lt;/h2&gt;&lt;h2&gt;&lt;p style=&quot;margin-right: 0px; margin-bottom: 15px; margin-left: 0px; padding: 0px; font-size: 14px;&quot;&gt;Sed in imperdiet nisi, non ultrices lectus. Donec auctor, ante sed vestibulum cursus, ex neque scelerisque augue, a faucibus libero lectus eu mauris. Morbi ac quam non felis malesuada lacinia vel laoreet tortor. Proin euismod risus sit amet scelerisque imperdiet. Phasellus ut neque mollis, porttitor velit a, congue libero. Ut cursus accumsan lectus, vitae congue mi pellentesque vitae. Integer pulvinar accumsan dignissim. Proin bibendum dapibus risus at accumsan. Donec a sapien sed arcu malesuada maximus. Integer eu feugiat eros.&lt;/p&gt;&lt;/h2&gt;', 'uploads/slides/lesson_1', 'Test', 'https://docs.google.com/forms/d/e/1FAIpQLScTsRKx_qRjR2WnYRU-UE9ijppGhLCq6S7qsbZunEcts0vG-g/viewform', 'uploads/slides/lesson_1/Slide1.jpg'),
(2, 1, 3, '', '12345', 'C Programming Notes', '&lt;p style=&quot;margin-right: 0px; margin-bottom: 15px; margin-left: 0px; padding: 0px; text-align: justify; color: rgb(0, 0, 0); font-family: &amp;quot;Open Sans&amp;quot;, Arial, sans-serif;&quot;&gt;Aliquam dictum ante at dapibus luctus. Maecenas semper pulvinar congue. Pellentesque semper, velit eget auctor euismod, ante sem vulputate augue, ut volutpat felis lorem nec ex. Praesent non porttitor nunc, non ullamcorper est. Donec eu arcu viverra augue tristique fermentum. Duis scelerisque bibendum augue, id laoreet massa tempor eu. Vivamus nec ante est. Fusce eu lacus sapien. Sed viverra lorem nec ante consequat tempor. Quisque ligula dolor, feugiat nec ligula porttitor, fermentum lacinia augue. Morbi fringilla vitae massa vitae tempus. Etiam ut vehicula lectus. Fusce cursus dolor vel dignissim volutpat. Etiam iaculis, justo vel fermentum varius, sem turpis hendrerit nulla, eget dapibus neque urna vitae arcu.&lt;/p&gt;&lt;p style=&quot;margin-right: 0px; margin-bottom: 15px; margin-left: 0px; padding: 0px; text-align: justify; color: rgb(0, 0, 0); font-family: &amp;quot;Open Sans&amp;quot;, Arial, sans-serif;&quot;&gt;Ut euismod tempor turpis, quis fringilla enim varius eget. Duis id neque blandit, vehicula purus eu, molestie dolor. Aliquam erat volutpat. Pellentesque quis dapibus elit. Curabitur ac lectus tortor. Phasellus et nibh nisl. Phasellus eu imperdiet nisi, tempor semper purus&lt;/p&gt;', 'uploads/slides/lesson_2', 'Pdf', 'https://www.unf.edu/~wkloster/2220/ppts/cprogramming_tutorial.pdf', 'uploads/slides/lesson_2/Slide1.jpg'),
(3, 1, 3, '', '12345', 'Scope of C Programming', '&amp;lt;iframe width=&quot;560&quot; height=&quot;315&quot; src=&quot;https://www.youtube.com/embed/CUvV7_-ximg&quot; title=&quot;YouTube video player&quot; frameborder=&quot;0&quot; allow=&quot;accelerometer; autoplay; clipboard-write; encrypted-media; gyroscope; picture-in-picture; web-share&quot; allowfullscreen&amp;gt;&amp;lt;/iframe&amp;gt;&lt;br&gt;', 'uploads/slides/lesson_3', 'Video', 'https://www.youtube.com/embed/Iuo9PpGE04Y', 'uploads/slides/lesson_3/mean.png'),
(5, 1, 3, '', '12345', 'What is Mechanical Engineering', '', 'uploads/slides/lesson_5', 'Video', 'https://www.youtube.com/embed/Iuo9PpGE04Y', ''),
(6, 4, 4, '', '12345', 'All About Elecric and Electronics', '&lt;p&gt;All about Electrical &amp;amp; Electronics&lt;/p&gt;', 'uploads/slides/lesson_6', 'Video', 'https://www.youtube.com/embed/Iuo9PpGE04Y', ''),
(7, 6, 4, '', '12345', 'Water Sensor', '', 'uploads/slides/lesson_7/Array', 'Pdf', 'https://curtocircuito.com.br/datasheet/sensor/nivel_de_agua_analogico.pdf', '');

-- --------------------------------------------------------

--
-- Table structure for table `lesson_class`
--

CREATE TABLE `lesson_class` (
  `lesson_id` int(30) NOT NULL,
  `class_id` int(30) NOT NULL
) ENGINE=InnoDB DEFAULT CHARSET=utf8mb4 COLLATE=utf8mb4_general_ci;

--
-- Dumping data for table `lesson_class`
--

INSERT INTO `lesson_class` (`lesson_id`, `class_id`) VALUES
(1, 1),
(1, 2),
(1, 1),
(1, 2),
(1, 1),
(1, 2),
(1, 1),
(1, 2),
(1, 1),
(1, 2),
(1, 1),
(1, 2),
(1, 1),
(1, 2),
(1, 1),
(1, 2),
(1, 1),
(1, 2),
(1, 1),
(1, 2),
(2, 1),
(2, 2),
(3, 3),
(5, 4),
(6, 1),
(7, 1);

-- --------------------------------------------------------

--
-- Table structure for table `sassignment`
--

CREATE TABLE `sassignment` (
  `id` int(11) NOT NULL,
  `student_id` varchar(255) NOT NULL,
  `name` varchar(255) NOT NULL,
  `department` varchar(255) NOT NULL,
  `sem` varchar(255) NOT NULL,
  `file` varchar(255) NOT NULL
) ENGINE=InnoDB DEFAULT CHARSET=utf8mb4 COLLATE=utf8mb4_general_ci;

-- --------------------------------------------------------

--
-- Table structure for table `students`
--

CREATE TABLE `students` (
  `id` int(30) NOT NULL,
  `student_id` varchar(50) NOT NULL,
  `firstname` varchar(150) NOT NULL,
  `middlename` varchar(150) NOT NULL,
  `lastname` varchar(150) NOT NULL,
  `email` varchar(250) NOT NULL,
  `contact` varchar(150) NOT NULL,
  `gender` varchar(20) NOT NULL,
  `address` text DEFAULT NULL,
  `password` text DEFAULT NULL,
  `dob` int(11) NOT NULL,
  `avatar` text DEFAULT NULL
) ENGINE=InnoDB DEFAULT CHARSET=utf8mb4 COLLATE=utf8mb4_general_ci;

--
-- Dumping data for table `students`
--

INSERT INTO `students` (`id`, `student_id`, `firstname`, `middlename`, `lastname`, `email`, `contact`, `gender`, `address`, `password`, `dob`, `avatar`) VALUES
(1, '6231415', 'Astha', 'D', 'Astha', 'astha@gmail.com', '+919876543210', 'Male', 'Sample address', '25d55ad283aa400af464c76d713c07ad', 2023, NULL);

-- --------------------------------------------------------

--
-- Table structure for table `student_class`
--

CREATE TABLE `student_class` (
  `id` int(30) NOT NULL,
  `academic_year_id` int(30) NOT NULL,
  `student_id` int(30) NOT NULL,
  `class_id` int(30) NOT NULL
) ENGINE=InnoDB DEFAULT CHARSET=utf8mb4 COLLATE=utf8mb4_general_ci;

--
-- Dumping data for table `student_class`
--

INSERT INTO `student_class` (`id`, `academic_year_id`, `student_id`, `class_id`) VALUES
(1, 1, 6231415, 3);

-- --------------------------------------------------------

--
-- Table structure for table `subjects`
--

CREATE TABLE `subjects` (
  `id` int(30) NOT NULL,
  `subject_code` varchar(250) NOT NULL,
  `description` text DEFAULT NULL
) ENGINE=InnoDB DEFAULT CHARSET=utf8mb4 COLLATE=utf8mb4_general_ci;

--
-- Dumping data for table `subjects`
--

INSERT INTO `subjects` (`id`, `subject_code`, `description`) VALUES
(3, '-----', '----');

-- --------------------------------------------------------

--
-- Table structure for table `system_info`
--

CREATE TABLE `system_info` (
  `id` int(30) NOT NULL,
  `meta_field` text NOT NULL,
  `meta_value` text NOT NULL
) ENGINE=InnoDB DEFAULT CHARSET=utf8mb4 COLLATE=utf8mb4_general_ci;

--
-- Dumping data for table `system_info`
--

INSERT INTO `system_info` (`id`, `meta_field`, `meta_value`) VALUES
(1, 'name', 'GCOEY hub'),
(2, 'address', 'Philippines'),
(3, 'contact', '+1234567890'),
(4, 'email', 'info@sample.com'),
(6, 'short_name', 'GCOEY'),
(9, 'logo', 'uploads/1682851080_gocey.jpg');

-- --------------------------------------------------------

--
-- Table structure for table `users`
--

CREATE TABLE `users` (
  `id` int(50) NOT NULL,
  `firstname` varchar(250) NOT NULL,
  `lastname` varchar(250) NOT NULL,
  `username` text NOT NULL,
  `password` text NOT NULL,
  `avatar` text DEFAULT NULL,
  `last_login` datetime DEFAULT NULL,
  `date_added` datetime NOT NULL DEFAULT current_timestamp(),
  `date_updated` datetime DEFAULT NULL ON UPDATE current_timestamp()
) ENGINE=InnoDB DEFAULT CHARSET=utf8mb4 COLLATE=utf8mb4_general_ci;

--
-- Dumping data for table `users`
--

INSERT INTO `users` (`id`, `firstname`, `lastname`, `username`, `password`, `avatar`, `last_login`, `date_added`, `date_updated`) VALUES
(1, 'GCOEY', 'Admin', 'admin', '25d55ad283aa400af464c76d713c07ad', 'uploads/1619140500_avatar.png', NULL, '2021-01-20 14:02:37', '2023-04-23 22:23:19'),
(2, 'Georgee', 'Wilson', '', '', NULL, NULL, '2021-04-28 21:01:58', NULL);

--
-- Indexes for dumped tables
--

--
-- Indexes for table `academic_year`
--
ALTER TABLE `academic_year`
  ADD PRIMARY KEY (`id`);

--
-- Indexes for table `assignm`
--
ALTER TABLE `assignm`
  ADD PRIMARY KEY (`id`);

--
-- Indexes for table `class`
--
ALTER TABLE `class`
  ADD PRIMARY KEY (`id`);

--
-- Indexes for table `course`
--
ALTER TABLE `course`
  ADD PRIMARY KEY (`id`);

--
-- Indexes for table `department`
--
ALTER TABLE `department`
  ADD PRIMARY KEY (`id`);

--
-- Indexes for table `faculty`
--
ALTER TABLE `faculty`
  ADD PRIMARY KEY (`id`);

--
-- Indexes for table `lessons`
--
ALTER TABLE `lessons`
  ADD PRIMARY KEY (`id`);

--
-- Indexes for table `sassignment`
--
ALTER TABLE `sassignment`
  ADD PRIMARY KEY (`id`);

--
-- Indexes for table `students`
--
ALTER TABLE `students`
  ADD PRIMARY KEY (`id`);

--
-- Indexes for table `student_class`
--
ALTER TABLE `student_class`
  ADD PRIMARY KEY (`id`);

--
-- Indexes for table `subjects`
--
ALTER TABLE `subjects`
  ADD PRIMARY KEY (`id`);

--
-- Indexes for table `system_info`
--
ALTER TABLE `system_info`
  ADD PRIMARY KEY (`id`);

--
-- Indexes for table `users`
--
ALTER TABLE `users`
  ADD PRIMARY KEY (`id`);

--
-- AUTO_INCREMENT for dumped tables
--

--
-- AUTO_INCREMENT for table `academic_year`
--
ALTER TABLE `academic_year`
  MODIFY `id` int(30) NOT NULL AUTO_INCREMENT, AUTO_INCREMENT=2;

--
-- AUTO_INCREMENT for table `assignm`
--
ALTER TABLE `assignm`
  MODIFY `id` int(11) NOT NULL AUTO_INCREMENT, AUTO_INCREMENT=5;

--
-- AUTO_INCREMENT for table `class`
--
ALTER TABLE `class`
  MODIFY `id` int(30) NOT NULL AUTO_INCREMENT, AUTO_INCREMENT=6;

--
-- AUTO_INCREMENT for table `course`
--
ALTER TABLE `course`
  MODIFY `id` int(30) NOT NULL AUTO_INCREMENT, AUTO_INCREMENT=10;

--
-- AUTO_INCREMENT for table `department`
--
ALTER TABLE `department`
  MODIFY `id` int(30) NOT NULL AUTO_INCREMENT, AUTO_INCREMENT=7;

--
-- AUTO_INCREMENT for table `faculty`
--
ALTER TABLE `faculty`
  MODIFY `id` int(30) NOT NULL AUTO_INCREMENT, AUTO_INCREMENT=2;

--
-- AUTO_INCREMENT for table `lessons`
--
ALTER TABLE `lessons`
  MODIFY `id` int(30) NOT NULL AUTO_INCREMENT, AUTO_INCREMENT=8;

--
-- AUTO_INCREMENT for table `sassignment`
--
ALTER TABLE `sassignment`
  MODIFY `id` int(11) NOT NULL AUTO_INCREMENT;

--
-- AUTO_INCREMENT for table `students`
--
ALTER TABLE `students`
  MODIFY `id` int(30) NOT NULL AUTO_INCREMENT, AUTO_INCREMENT=2;

--
-- AUTO_INCREMENT for table `student_class`
--
ALTER TABLE `student_class`
  MODIFY `id` int(30) NOT NULL AUTO_INCREMENT, AUTO_INCREMENT=2;

--
-- AUTO_INCREMENT for table `subjects`
--
ALTER TABLE `subjects`
  MODIFY `id` int(30) NOT NULL AUTO_INCREMENT, AUTO_INCREMENT=4;

--
-- AUTO_INCREMENT for table `system_info`
--
ALTER TABLE `system_info`
  MODIFY `id` int(30) NOT NULL AUTO_INCREMENT, AUTO_INCREMENT=12;

--
-- AUTO_INCREMENT for table `users`
--
ALTER TABLE `users`
  MODIFY `id` int(50) NOT NULL AUTO_INCREMENT, AUTO_INCREMENT=3;
COMMIT;

/*!40101 SET CHARACTER_SET_CLIENT=@OLD_CHARACTER_SET_CLIENT */;
/*!40101 SET CHARACTER_SET_RESULTS=@OLD_CHARACTER_SET_RESULTS */;
/*!40101 SET COLLATION_CONNECTION=@OLD_COLLATION_CONNECTION */;
